20133351,Famoso,Kinneth gel,Tiongco,famosokinneth_bsit@plmun.edu.ph,BSIT,CITCS
20133525,Cabrera,Charles Avram,Punzulan,cabreracharlesavram_bsit@plmun.edu.ph,BSIT,CITCS
20133447,Pobar,Chessa,Birondo,pobarchessa_bsit@plmun.edu.ph,BSIT,CITCS
19129946,Lego,Hennegrace,Urbino,legohennegrace_bsit@plmun.edu.ph,BSIT,CITCS
19129227,Rasinis,Roseann,Galoy,rasinisroseann_act@plmun.edu.ph,BSIT,CITCS
21137261,Malabanan,Paul Jerico,Somera,malabananjerico_bsit@plmun.edu.ph,BSIT,CITCS
21138088,Lavin,John Paul Joseph,Toque,lavinjohnpauljoseph_bsit@plmun.edu.ph,BSIT,CITCS
15116762,Castillo,Odralyn Del,N/A,delcastilloodralyn_bsit@plmun.edu.ph,BSIT,CITCS
